first_name,last_name,address,email,creditCardNum,cardExpiration
Rebecca,Oliver,"Unit 2178 Box 1803
DPO AA 12301",imoore@gmail.com,3523014746557084,12/23
Tammy,Donaldson,"689 Morrison Crossroad
West Williamfort, ND 15440",kellymartin@gmail.com,4674341513022982886,09/26
Tammy,Lynch,"PSC 6666, Box 8394
APO AA 23524",abigailwalters@gmail.com,3536861341596593,10/28
Corey,Allen,"6526 Brian Shoal Suite 593
Wilkinsonfurt, NM 95637",ycraig@gmail.com,4800261817448,09/23
Sheila,Lopez,"6565 Andrew Flat
Snowville, OK 80362",xpeterson@martinez.net,344097846520915,05/28
David,Blankenship,"68568 Teresa Locks
Lindseyville, CT 11015",stacy17@yahoo.com,180001038326732,04/19
Janice,Jenkins,"USNV Obrien
FPO AE 15790",nicholas28@byrd.com,3590429699151735,01/25
Richard,Spencer,"3977 Jennifer Circles
Nicholasstad, AZ 02691",robersondaniel@hotmail.com,4311763702856930,12/25
Harry,Murphy,"3702 Caldwell Mountains
South Aliciatown, WV 68078",cummingssteven@gmail.com,5589484295494904,08/22
John,Briggs,"2750 Mark Island
Lake John, NJ 31746",mross@yahoo.com,378096805768803,05/28
Devin,Gates,"2317 Cole Stravenue
Curtisside, CO 42253",jenniferproctor@gmail.com,6525126664113459,05/23
Alyssa,Johnson,"8128 Mcpherson Shores Apt. 530
New Nicholebury, NM 22517",smithdavid@kane.com,372284996222337,02/22
Ryan,Hernandez,"191 Lang Bridge Apt. 358
Silvachester, CO 55626",sherriramos@lopez.com,4289881060469068,07/22
Mindy,Willis,"197 Gregory River Suite 360
North Matthewton, KS 52945",sedwards@hotmail.com,5227166521887096,10/28
Jorge,Lee,"243 Jasmine Spur Suite 123
Jasonview, TN 63774",wreeves@brown.info,3554199526861418,12/26
Lindsey,Huynh,"PSC 0989, Box 8895
APO AP 53674",david69@farrell-miller.com,5299007335171058,12/24
Sarah,Francis,"812 Adams Mountain Apt. 095
North Kenneth, WI 68249",melissamoore@hotmail.com,4153502333156737,11/26
Jason,Byrd,"063 Mark Meadow Suite 389
Jessicaburgh, OR 94225",tphillips@clarke.com,4899201553111204,08/19
Leslie,Lutz,"579 John Underpass
Lake Leonard, NC 68286",timothynicholson@barajas.com,3512116588714476,09/25
Nicholas,Hahn,"401 Anna Walk Suite 297
East Harold, AR 22783",quinnbrandon@walker-luna.com,5327948680798209,03/21
Paul,Wright,"521 Morton Lock Apt. 632
Lake Kathleen, DE 77635",karina60@lane.com,4838595135706825753,10/28
Emily,King,"1426 Ashley Wells Apt. 688
Paulberg, CO 19340",ehampton@maxwell.com,344812670356768,11/25
Carlos,Tran,"5795 Vincent Flat Suite 107
Lawrenceborough, OH 02857",dgardner@yahoo.com,4213738572772986,09/21
Emily,Garza,"5621 Adams Fall
Wandafurt, ID 50019",ejohnston@yahoo.com,5420964356201952,10/27
Julia,Brown,"839 Jason Avenue Apt. 590
Nicolechester, SC 59341",rsilva@carr-lopez.com,30415990853578,03/25
David,Payne,"2123 Bowman Pike
South Gordonbury, DE 64566",danmccormick@anderson-lopez.com,370536933103082,01/23
Lori,Harris,"0394 Jones Highway
North Kylestad, NC 22797",robertward@gmail.com,6513679717587214,11/25
Kayla,Carroll,"5637 Carolyn Fort Apt. 717
Lake Michael, AZ 56037",david00@perry.org,3593829343273792,02/24
Gina,Bonilla,"USCGC Robinson
FPO AP 86947",michael00@gmail.com,3561711759582668,02/26
Robert,Jones,"123 Young Hollow Apt. 126
East Ashleyville, HI 60657",bensonjonathan@benson.org,4017311517460302240,10/25
